timestamp,armW,memW,g3dW,kfcW,temperature,dumb
1469505432,0.084630,0.116594,0.087785,0.080418,55000,
1469505432,0.249508,0.105776,0.015385,0.088200,55000,
1469505433,1.153620,0.137028,0.038915,0.017192,55000,
1469505433,0.487059,0.098564,0.087785,0.030780,55000,
1469505433,0.030974,0.094958,0.003624,0.108135,54000,
1469505434,0.007288,0.094958,0.001812,0.109648,54000,
1469505434,0.007288,0.102170,0.001812,0.128232,54000,
1469505434,0.007288,0.091352,0.001812,0.114576,53000,
1469505434,0.007288,0.092554,0.001812,0.086488,53000,
1469505435,0.007288,0.102170,0.001812,0.153532,53000,
1469505435,0.657367,0.098564,0.001812,0.017220,53000,
1469505435,0.188384,0.091352,0.001812,0.016896,54000,
1469505436,0.007288,0.091352,0.001812,0.018900,54000,
1469505436,0.007288,0.091352,0.001812,0.019845,54000,
1469505436,0.007288,0.094958,0.001812,0.033075,53000,
1469505436,0.007288,0.118998,0.001812,0.166662,53000,
1469505437,0.007288,0.118998,0.001812,0.158080,53000,
1469505437,0.774604,0.100968,0.001812,0.017192,53000,
1469505437,0.495582,0.103372,0.001812,0.017192,56000,
1469505438,0.491958,0.102170,0.001812,0.015964,56000,
1469505438,0.540292,0.098564,0.001812,0.015964,56000,
1469505438,1.475160,0.094958,0.001812,0.017192,57000,
1469505438,0.937380,0.097362,0.001812,0.017192,57000,
1469505439,1.503418,0.097362,0.001812,0.017192,57000,
1469505439,1.618896,0.097362,0.001812,0.017192,57000,
1469505439,1.670068,0.094958,0.001812,0.017192,65000,
1469505440,1.623548,0.094958,0.001812,0.017192,65000,
1469505440,0.847530,0.096160,0.001812,0.017220,65000,
1469505440,0.117711,0.093756,0.001812,0.050800,55000,
1469505440,0.008199,0.110584,0.001812,0.197600,55000,
1469505441,0.008199,0.102170,0.001812,0.036708,55000,
1469505441,0.007288,0.096160,0.001812,0.104742,55000,
1469505441,0.556794,0.116594,0.001812,0.017192,58000,
1469505441,1.321881,0.147846,0.073305,0.017192,58000,
1469505442,1.430528,0.127412,0.088690,0.017192,58000,
1469505442,1.383200,0.121402,0.091405,0.017192,58000,
1469505442,1.038325,0.111786,0.019910,0.017192,58000,
1469505443,0.736780,0.122604,0.001812,0.017192,58000,
1469505443,0.636480,0.116594,0.079640,0.017192,58000,
1469505443,0.639718,0.110584,0.001812,0.017220,58000,
1469505443,0.727902,0.103372,0.001812,0.017192,58000,
1469505444,0.464138,0.106978,0.001812,0.017192,58000,
1469505444,0.601668,0.099766,0.001812,0.017192,55000,
1469505444,0.167622,0.117796,0.001812,0.131892,55000,
1469505445,0.579150,0.117796,0.001812,0.017192,55000,
1469505445,0.490875,0.108180,0.001812,0.017192,55000,
1469505445,1.361100,0.145442,0.020815,0.017192,59000,
1469505445,1.028850,0.152654,0.110410,0.017192,59000,
1469505446,0.833554,0.138230,0.105885,0.017192,59000,
1469505446,0.603806,0.127412,0.091405,0.116300,56000,
1469505446,0.418711,0.104574,0.035295,0.039360,56000,
1469505447,0.924102,0.140634,0.049775,0.017192,56000,
1469505447,1.383642,0.133422,0.097740,0.017220,56000,
1469505447,0.449820,0.118998,0.099550,0.017192,59000,
1469505447,1.314117,0.129816,0.038915,0.017192,59000,
1469505448,0.599919,0.132220,0.099550,0.017192,59000,
1469505448,1.214316,0.145442,0.078561,0.017192,59000,
1469505448,0.732876,0.129816,0.119460,0.017192,59000,
1469505449,0.833136,0.103372,0.076925,0.017220,59000,
1469505449,0.662847,0.103372,0.029865,0.017192,59000,
1469505449,0.646119,0.115392,0.043440,0.017192,58000,
1469505449,0.246068,0.143038,0.092310,0.168329,58000,
1469505450,0.424464,0.115392,0.029865,0.026703,58000,
1469505450,0.037351,0.109382,0.057015,0.133340,58000,
1469505450,0.419832,0.105776,0.031675,0.017192,55000,
1469505451,0.817470,0.132220,0.066970,0.017192,55000,
1469505451,1.013473,0.146644,0.107695,0.017220,55000,
1469505451,0.646720,0.126210,0.093912,0.017220,57000,
1469505451,0.639693,0.108180,0.019026,0.075740,57000,
1469505452,0.008199,0.110584,0.045250,0.105776,57000,
1469505452,0.607050,0.118998,0.051585,0.017192,57000,
1469505452,0.908350,0.131018,0.090500,0.017192,57000,
1469505453,0.713448,0.135826,0.093215,0.017192,57000,
1469505453,0.511038,0.109382,0.038915,0.017220,57000,
1469505453,0.567042,0.106978,0.015402,0.017192,57000,
1469505453,0.746200,0.138230,0.065160,0.017192,57000,
1469505454,0.853509,0.138230,0.114030,0.030025,57000,
1469505454,0.091000,0.126210,0.096835,0.119786,57000,
1469505454,0.546675,0.106978,0.015402,0.064012,56000,
1469505455,0.418440,0.108180,0.053395,0.041820,56000,
1469505455,0.779556,0.122604,0.044345,0.017192,56000,
1469505455,0.896566,0.139432,0.103170,0.017192,57000,
1469505455,0.737712,0.134624,0.099550,0.017192,57000,
1469505456,0.829656,0.108180,0.058825,0.017192,57000,
1469505456,0.205755,0.111786,0.046155,0.111818,57000,
1469505456,0.448485,0.111786,0.009060,0.017192,57000,
1469505457,0.799164,0.135826,0.115062,0.026290,57000,
1469505457,0.101920,0.123806,0.085975,0.159048,57000,
1469505457,0.402696,0.112988,0.027150,0.046740,55000,
1469505457,0.081990,0.112988,0.057920,0.119601,55000,
1469505458,0.647436,0.128614,0.019005,0.017192,55000,
1469505458,1.007340,0.143038,0.095930,0.017192,55000,
1469505458,0.838450,0.126210,0.096835,0.017220,56000,
1469505459,0.920156,0.108180,0.058825,0.017192,56000,
1469505459,0.518609,0.108180,0.038915,0.017192,56000,
1469505459,0.634984,0.120200,0.014496,0.017192,56000,
1469505459,0.822800,0.151452,0.069685,0.017192,56000,
1469505460,1.194393,0.134624,0.100455,0.017192,56000,
1469505460,0.708528,0.114190,0.024435,0.086336,56000,
1469505460,0.344624,0.110584,0.032580,0.039360,56000,
1469505461,0.956862,0.144240,0.052490,0.017192,56000,
1469505461,1.249498,0.144240,0.102265,0.017192,56000,
1469505461,0.302651,0.143038,0.091405,0.157871,56000,
1469505461,0.383253,0.112988,0.028055,0.017220,56000,
1469505462,0.381634,0.111786,0.052490,0.017192,56000,
1469505462,0.839742,0.102170,0.020815,0.017192,56000,
1469505462,0.747282,0.137028,0.106790,0.017192,57000,
1469505463,0.742165,0.139432,0.118555,0.017220,57000,
1469505463,0.698256,0.122604,0.068780,0.017192,57000,
1469505463,0.435666,0.112988,0.034390,0.119786,56000,
1469505463,0.656447,0.123806,0.062445,0.017192,56000,
1469505464,1.303104,0.135826,0.105885,0.017220,56000,
1469505464,0.462423,0.133422,0.099550,0.017192,56000,
1469505464,0.834708,0.111786,0.019026,0.082477,57000,
1469505465,0.073360,0.114190,0.056110,0.092400,57000,
1469505465,0.627876,0.118998,0.041630,0.017220,57000,
1469505465,1.019700,0.134624,0.099550,0.017192,57000,
1469505465,0.594750,0.137028,0.104075,0.017220,57000,
1469505466,0.919804,0.109382,0.049775,0.019392,57000,
1469505466,0.244660,0.114190,0.052490,0.110390,57000,
1469505466,0.606100,0.111786,0.009060,0.017192,57000,
1469505467,0.885465,0.143038,0.074210,0.017192,57000,
1469505467,0.107380,0.122604,0.126700,0.115150,57000,
1469505467,0.576684,0.111786,0.024435,0.017220,56000,
1469505467,0.643655,0.099766,0.032580,0.017192,56000,
1469505468,0.704601,0.137028,0.047965,0.017192,56000,
1469505468,0.870638,0.133422,0.103170,0.017192,56000,
1469505468,0.647751,0.128614,0.095025,0.017220,56000,
1469505469,0.886375,0.110584,0.037105,0.023085,56000,
1469505469,0.214776,0.108180,0.052490,0.120510,56000,
1469505469,0.455328,0.118998,0.011778,0.017192,60000,
1469505469,0.852720,0.140634,0.086688,0.017192,60000,
1469505470,1.021743,0.139432,0.103170,0.061984,60000,
1469505470,0.128310,0.111786,0.085070,0.116375,60000,
1469505470,0.498324,0.116594,0.019932,0.131931,55000,
1469505471,0.790364,0.143038,0.060635,0.017192,55000,
1469505471,1.253472,0.132220,0.102265,0.017220,55000,
1469505471,0.250784,0.117796,0.091405,0.139690,56000,
1469505471,0.397212,0.115392,0.017214,0.028129,56000,
1469505472,0.192920,0.106978,0.054300,0.146040,56000,
1469505472,0.400792,0.129816,0.043440,0.017192,56000,
1469505472,0.797152,0.138230,0.095025,0.017192,60000,
1469505473,1.147040,0.128614,0.114935,0.017192,60000,
1469505473,0.628860,0.109382,0.065160,0.017192,60000,
1469505473,0.674624,0.109382,0.041630,0.015964,57000,
1469505473,0.659476,0.104574,0.019005,0.017192,57000,
1469505474,0.652224,0.125008,0.065160,0.017192,57000,
1469505474,0.342370,0.143038,0.084165,0.122515,57000,
1469505474,0.555752,0.115392,0.028960,0.026400,58000,
1469505475,0.171626,0.112988,0.057015,0.119646,58000,
1469505475,0.414963,0.102170,0.010872,0.017192,58000,
1469505475,0.902275,0.145442,0.090300,0.017192,57000,
1469505475,1.024034,0.138230,0.096835,0.017220,57000,
1469505476,0.584982,0.120200,0.071495,0.017192,57000,
1469505476,0.678960,0.115392,0.035295,0.017220,57000,
1469505476,0.710192,0.099766,0.021744,0.017220,57000,
1469505477,0.663798,0.125008,0.065160,0.017192,57000,
1469505477,1.243836,0.140634,0.099550,0.017220,57000,
1469505477,0.391824,0.127412,0.093215,0.015964,58000,
1469505477,1.245664,0.117796,0.040725,0.017192,58000,
1469505478,1.087845,0.122604,0.032580,0.017220,58000,
1469505478,0.708064,0.140634,0.113250,0.017192,58000,
1469505478,0.863892,0.116594,0.071495,0.123864,56000,
1469505479,0.232470,0.108180,0.024435,0.030700,56000,
1469505479,0.658684,0.134624,0.074046,0.017192,56000,
1469505479,1.856480,0.143038,0.076925,0.017220,57000,
1469505479,0.515310,0.118998,0.082355,0.017192,57000,
1469505480,0.810650,0.114190,0.029865,0.062810,57000,
1469505480,0.049140,0.106978,0.035295,0.102256,57000,
1469505480,0.637290,0.131018,0.037105,0.017192,58000,
1469505481,0.901130,0.144240,0.101360,0.017192,58000,
1469505481,0.886074,0.129816,0.093215,0.017192,58000,
1469505481,0.901194,0.106978,0.038010,0.026400,57000,
1469505481,0.400895,0.117796,0.010860,0.017192,57000,
1469505482,0.777546,0.144240,0.078735,0.017192,57000,
1469505482,0.882560,0.137028,0.108600,0.044733,57000,
1469505482,0.130130,0.122604,0.088690,0.123927,56000,
1469505483,0.587856,0.111786,0.019932,0.062810,56000,
1469505483,0.103740,0.106978,0.040725,0.073860,56000,
1469505483,0.646686,0.137028,0.058825,0.017192,58000,
1469505483,0.927360,0.131018,0.099550,0.017192,58000,
1469505484,0.757008,0.125008,0.103170,0.144109,58000,
1469505484,0.188062,0.111786,0.037105,0.046170,58000,
1469505484,0.281435,0.109382,0.053395,0.170520,55000,
1469505485,0.166557,0.121402,0.009060,0.017220,55000,
1469505485,0.961224,0.135826,0.103170,0.060350,55000,
1469505485,0.125580,0.135826,0.091405,0.165907,56000,
1469505485,0.340548,0.108180,0.009060,0.017220,56000,
1469505486,0.420812,0.111786,0.051585,0.017192,56000,
1469505486,0.866250,0.103372,0.035295,0.017192,56000,
1469505486,1.021152,0.144240,0.082355,0.017220,58000,
1469505487,0.939120,0.145442,0.099550,0.158080,58000,
1469505487,0.191786,0.117796,0.049775,0.044289,58000,
1469505487,0.293580,0.114190,0.047965,0.153272,55000,
1469505487,0.207740,0.102170,0.005436,0.017220,55000,
1469505488,0.603255,0.127412,0.078735,0.017192,55000,
1469505488,1.150653,0.152654,0.123985,0.017220,55000,
1469505488,0.447792,0.125008,0.082355,0.017192,56000,
1469505489,0.072880,0.112988,0.042535,0.081246,56000,
1469505489,0.789730,0.122604,0.056110,0.015964,56000,
1469505489,0.672881,0.143038,0.099550,0.017192,56000,
1469505489,0.781899,0.133422,0.088690,0.110871,56000,
1469505490,0.159616,0.121402,0.056110,0.030750,56000,
1469505490,0.581175,0.110584,0.041630,0.122301,56000,
1469505490,0.225120,0.106978,0.029865,0.017192,56000,
1469505491,0.674230,0.133422,0.069531,0.017192,56000,
1469505491,1.272272,0.135826,0.103170,0.017220,56000,
1469505491,0.485748,0.125008,0.095025,0.017192,55000,
1469505491,0.924880,0.111786,0.021720,0.069723,55000,
1469505492,0.095655,0.108180,0.043440,0.073860,55000,
1469505492,0.669282,0.121402,0.046155,0.017192,55000,
1469505492,0.925932,0.131018,0.092310,0.088704,55000,
1469505492,0.607620,0.108180,0.037105,0.035850,55000,
1469505493,0.410008,0.112988,0.052490,0.118602,55000,
1469505493,0.389200,0.118998,0.018100,0.017192,56000,
1469505493,0.756784,0.141836,0.104980,0.017192,56000,
1469505494,1.088847,0.128614,0.104980,0.017192,56000,
1469505494,0.514083,0.109382,0.060635,0.017192,56000,
1469505494,0.712760,0.109382,0.038915,0.017192,58000,
1469505494,0.651864,0.110584,0.016290,0.017192,58000,
1469505495,0.781060,0.145442,0.068780,0.017192,58000,
1469505495,1.607440,0.135826,0.096835,0.068520,58000,
1469505495,0.067414,0.112988,0.081450,0.076322,56000,
1469505496,0.662008,0.111786,0.027150,0.082440,56000,
1469505496,0.691470,0.143038,0.066970,0.017192,56000,
1469505496,0.934833,0.133422,0.102265,0.017192,56000,
1469505496,0.762299,0.122604,0.088690,0.105952,56000,
1469505497,0.687098,0.115392,0.027150,0.039372,56000,
1469505497,0.272175,0.104574,0.053395,0.100181,56000,
1469505497,0.385917,0.104574,0.037105,0.017192,57000,
1469505498,0.735696,0.138230,0.099550,0.017192,57000,
1469505498,1.251200,0.139432,0.091405,0.017192,57000,
1469505498,0.562120,0.123806,0.052490,0.017192,55000,
1469505498,0.700740,0.116594,0.044345,0.123906,55000,
1469505499,0.362712,0.108180,0.028960,0.017192,55000,
1469505499,0.836793,0.135826,0.074210,0.017192,55000,
1469505499,0.084723,0.134624,0.071495,0.067705,55000,
1469505500,0.642770,0.110584,0.037105,0.015964,55000,
1469505500,0.658812,0.103372,0.022650,0.017192,55000,
1469505500,0.701757,0.125008,0.057920,0.017192,57000,
1469505500,1.017960,0.151452,0.122175,0.017220,57000,
1469505501,0.659352,0.126210,0.085975,0.017192,57000,
1469505501,0.896580,0.104574,0.018120,0.049063,57000,
1469505501,0.147580,0.114190,0.045250,0.092400,57000,
1469505502,0.528945,0.111786,0.046155,0.017220,57000,
1469505502,0.746532,0.144240,0.108600,0.017192,57000,
1469505502,1.067366,0.137028,0.095025,0.115139,55000,
1469505502,0.122850,0.120200,0.045250,0.185881,55000,
1469505503,0.008199,0.116594,0.039820,0.130616,55000,
1469505503,0.995006,0.129816,0.063350,0.017192,55000,
1469505503,0.651758,0.137028,0.096835,0.017192,58000,
1469505504,0.893200,0.126210,0.098645,0.017192,58000,
1469505504,0.202315,0.108180,0.017214,0.063990,58000,
1469505504,0.462675,0.105776,0.047965,0.085008,55000,
1469505504,0.773245,0.126210,0.058825,0.017192,55000,
1469505505,1.010038,0.140634,0.098645,0.017192,55000,
1469505505,0.412965,0.137028,0.096835,0.097328,55000,
1469505505,0.575758,0.109382,0.043440,0.019472,56000,
1469505506,0.022950,0.114190,0.049775,0.167475,56000,
1469505506,0.570515,0.114190,0.032580,0.030750,56000,
1469505506,0.958272,0.138230,0.068780,0.017192,56000,
1469505506,0.439018,0.132220,0.114030,0.065243,56000,
1469505507,0.586562,0.134624,0.038010,0.017192,56000,
1469505507,0.839482,0.120200,0.086880,0.017192,56000,
1469505507,0.696018,0.127412,0.032580,0.017192,57000,
1469505508,0.816145,0.128614,0.108600,0.017192,57000,
1469505508,0.698763,0.112988,0.072400,0.017192,57000,
1469505508,0.871008,0.118998,0.005436,0.015964,56000,
1469505508,1.402770,0.147846,0.076020,0.017192,56000,
1469505509,0.416784,0.134624,0.110410,0.017220,56000,
1469505509,0.870228,0.109382,0.076020,0.017192,56000,
1469505509,0.038220,0.109382,0.030804,0.104195,55000,
1469505510,0.756258,0.114190,0.025340,0.029520,55000,
1469505510,0.809516,0.110584,0.076020,0.017192,55000,
1469505510,0.198729,0.143038,0.084165,0.146370,55000,
1469505510,0.437028,0.123806,0.028960,0.017178,55000,
1469505511,0.277178,0.115392,0.057015,0.121688,55000,
1469505511,0.624680,0.103372,0.010860,0.017192,55000,
1469505511,1.184072,0.135826,0.077830,0.015964,57000,
1469505512,0.443657,0.141836,0.097740,0.017220,57000,
1469505512,0.950400,0.127412,0.074210,0.017192,57000,
1469505512,0.393760,0.108180,0.029865,0.017220,56000,
1469505512,0.704460,0.106978,0.028055,0.015964,56000,
1469505513,0.924350,0.118998,0.059730,0.017192,56000,
1469505513,0.823569,0.146644,0.098754,0.017192,56000,
1469505513,0.929856,0.134624,0.091405,0.015964,58000,
1469505514,0.423360,0.110584,0.020838,0.017220,58000,
1469505514,1.275229,0.111786,0.034390,0.017192,58000,
1469505514,1.334424,0.149048,0.098645,0.017192,57000,
1469505514,0.640908,0.137028,0.091405,0.017192,57000,
1469505515,0.494592,0.109382,0.026274,0.027600,57000,
1469505515,0.261525,0.112988,0.060635,0.115632,57000,
1469505515,0.707412,0.105776,0.010872,0.017192,57000,
1469505516,0.793158,0.143038,0.077830,0.017192,57000,
1469505516,0.730112,0.133422,0.104075,0.017192,57000,
1469505516,0.792180,0.120200,0.093215,0.017192,56000,
1469505516,0.178752,0.114190,0.019026,0.060738,56000,
1469505517,0.440020,0.104574,0.038915,0.083708,56000,
1469505517,0.813576,0.122604,0.044345,0.017192,56000,
1469505517,1.149159,0.143038,0.111315,0.017192,57000,
1469505518,0.639540,0.111786,0.039820,0.019200,57000,
1469505518,0.008199,0.116594,0.051585,0.147696,57000,
1469505518,0.568100,0.108180,0.028055,0.024560,56000,
1469505518,0.980880,0.143038,0.062445,0.017192,56000,
1469505519,0.695079,0.143038,0.114030,0.017220,56000,
1469505519,0.883230,0.115392,0.081450,0.017192,56000,
1469505519,0.223938,0.115392,0.022625,0.058242,55000,
1469505520,0.398748,0.100968,0.038915,0.077553,55000,
1469505520,0.794220,0.134624,0.038010,0.017192,55000,
1469505520,1.094080,0.134624,0.098645,0.017192,58000,
1469505520,0.555984,0.126210,0.091405,0.017220,58000,
1469505521,0.622200,0.112988,0.038915,0.029925,58000,
1469505521,0.622905,0.116594,0.016308,0.017192,58000,
1469505521,0.855290,0.116594,0.085975,0.017220,58000,
1469505522,0.424305,0.140634,0.104980,0.045680,58000,
1469505522,0.452056,0.137028,0.086880,0.114576,58000,
1469505522,0.199090,0.109382,0.019026,0.081834,56000,
1469505522,0.370328,0.114190,0.035295,0.078784,56000,
1469505523,0.797530,0.108180,0.053395,0.017192,56000,
1469505523,0.689960,0.144240,0.103170,0.017192,56000,
1469505523,0.088270,0.140634,0.102265,0.129383,56000,
1469505524,0.430803,0.121402,0.032580,0.041820,56000,
1469505524,0.134680,0.114190,0.054300,0.142560,56000,
1469505524,0.618150,0.109382,0.030770,0.017192,57000,
1469505524,0.933152,0.127412,0.063350,0.017192,57000,
1469505525,0.808567,0.132220,0.084165,0.017192,57000,
1469505525,0.335907,0.109382,0.021744,0.062865,57000,
1469505525,0.381420,0.112988,0.036200,0.083708,55000,
1469505526,0.756903,0.114190,0.043440,0.017192,55000,
1469505526,1.059858,0.139432,0.100455,0.017192,55000,
1469505526,0.120120,0.135826,0.086880,0.150164,55000,
1469505526,0.406830,0.111786,0.034390,0.041510,56000,
1469505527,0.007288,0.110584,0.056110,0.141900,56000,
1469505527,0.587048,0.104574,0.028055,0.017220,56000,
1469505527,1.028016,0.143038,0.062445,0.017192,57000,
1469505528,0.764313,0.147846,0.121270,0.017192,57000,
1469505528,0.809378,0.121402,0.079640,0.017220,57000,
1469505528,0.408928,0.112988,0.043440,0.073860,55000,
1469505528,0.766700,0.117796,0.045250,0.017192,55000,
1469505529,1.017240,0.135826,0.112220,0.017220,55000,
1469505529,0.535392,0.129816,0.097740,0.017220,55000,
1469505529,0.710616,0.109382,0.026245,0.024885,56000,
1469505529,0.289140,0.111786,0.057015,0.114048,56000,
1469505530,0.646256,0.114190,0.021720,0.017192,56000,
1469505530,1.371873,0.138230,0.084165,0.017192,56000,
1469505530,0.550223,0.138230,0.116745,0.017220,57000,
1469505531,0.697430,0.110584,0.060635,0.017192,57000,
1469505531,0.042817,0.111786,0.041630,0.095823,57000,
1469505531,0.386512,0.104574,0.019932,0.070167,57000,
1469505531,0.807672,0.144240,0.069685,0.017192,57000,
1469505532,0.561935,0.117796,0.092310,0.017192,57000,
1469505532,0.666713,0.116594,0.019910,0.035550,57000,
1469505532,0.286941,0.106978,0.053395,0.108563,55000,
1469505533,0.581458,0.123806,0.025340,0.017192,55000,
1469505533,1.186251,0.138230,0.101360,0.017192,55000,
1469505533,0.432639,0.134624,0.091405,0.017192,56000,
1469505533,1.005940,0.134624,0.054300,0.017192,56000,
1469505534,0.404800,0.114190,0.045250,0.017192,56000,
1469505534,0.687156,0.103372,0.010872,0.017220,56000,
1469505534,0.973170,0.118998,0.077658,0.017192,62000,
1469505535,0.817820,0.141836,0.100566,0.017220,62000,
1469505535,0.916977,0.135826,0.087785,0.017192,62000,
1469505535,0.179172,0.109382,0.027150,0.087020,57000,
1469505535,0.846111,0.110584,0.057920,0.017192,57000,
1469505536,1.065244,0.141836,0.099550,0.015964,57000,
1469505536,0.631140,0.137028,0.090500,0.017220,57000,
1469505536,1.064495,0.117796,0.038915,0.017220,60000,
1469505537,0.719907,0.128614,0.084165,0.017192,60000,
1469505537,0.999440,0.118998,0.040725,0.017192,60000,
1469505537,0.830544,0.138230,0.112344,0.017192,57000,
1469505537,0.298851,0.123806,0.075115,0.074295,57000,
1469505538,0.342575,0.109382,0.022625,0.070167,57000,
1469505538,0.759425,0.117796,0.068628,0.017192,57000,
1469505538,1.271424,0.143038,0.105885,0.017220,57000,
1469505539,0.474388,0.141836,0.086880,0.017192,57000,
1469505539,0.715450,0.111786,0.028055,0.033068,57000,
1469505539,0.806382,0.104574,0.019910,0.017192,57000,
1469505539,1.585738,0.144240,0.097740,0.017192,57000,
1469505540,0.423569,0.137028,0.095025,0.017220,57000,
1469505540,0.947535,0.114190,0.045250,0.017192,57000,
1469505540,0.059215,0.112988,0.046155,0.114600,56000,
1469505541,0.648050,0.106978,0.011778,0.017192,56000,
1469505541,0.871332,0.140634,0.079640,0.017192,56000,
1469505541,0.868102,0.129816,0.099550,0.017220,57000,
1469505541,0.871254,0.121402,0.084165,0.017192,57000,
1469505542,0.273030,0.111786,0.030770,0.084730,57000,
1469505542,0.434486,0.103372,0.029865,0.051660,57000,
1469505542,0.773245,0.137028,0.059730,0.015964,59000,
1469505543,1.473192,0.144240,0.085164,0.017192,59000,
1469505543,0.455056,0.111786,0.028960,0.028900,59000,
1469505543,0.008199,0.110584,0.055205,0.134470,55000,
1469505543,0.542070,0.121402,0.032580,0.017220,55000,
1469505544,0.903178,0.137028,0.100455,0.015964,55000,
1469505544,0.802579,0.138230,0.101360,0.017192,55000,
1469505544,0.848447,0.111786,0.072400,0.017192,59000,
1469505545,0.179707,0.111786,0.028960,0.087934,59000,
1469505545,0.454028,0.104574,0.024435,0.047970,59000,
1469505545,0.742600,0.137028,0.050680,0.017192,58000,
1469505545,0.878805,0.139432,0.102265,0.017192,58000,
1469505546,0.441709,0.139432,0.099550,0.015964,58000,
1469505546,0.753972,0.120200,0.028960,0.017192,58000,
1469505546,0.637947,0.108180,0.028960,0.017220,56000,
1469505547,0.972802,0.123806,0.066970,0.017192,56000,
1469505547,0.764610,0.146644,0.098645,0.017192,56000,
1469505547,0.864655,0.132220,0.079640,0.017192,57000,
1469505547,0.286062,0.110584,0.028960,0.106830,57000,
1469505548,0.389092,0.112988,0.025340,0.043050,57000,
1469505548,0.714402,0.109382,0.057920,0.015964,57000,
1469505548,1.172840,0.144240,0.098645,0.017192,56000,
1469505549,0.369420,0.134624,0.093215,0.096096,56000,
1469505549,0.683364,0.116594,0.026245,0.042624,56000,
1469505549,0.293260,0.112988,0.047060,0.095316,56000,
1469505549,0.664158,0.110584,0.049775,0.017192,56000,
1469505550,0.368241,0.131018,0.096835,0.084732,56000,
1469505550,0.448224,0.125008,0.054300,0.068520,56000,
1469505550,0.210406,0.111786,0.041630,0.073860,55000,
1469505551,0.317016,0.108180,0.028055,0.119889,55000,
1469505551,0.744054,0.121402,0.066970,0.044280,55000,
1469505551,1.198241,0.133422,0.106790,0.017192,57000,
1469505551,0.573810,0.134624,0.095025,0.017220,57000,
1469505552,0.576725,0.106978,0.019932,0.017192,57000,
1469505552,0.614184,0.106978,0.051585,0.017192,57000,
1469505552,0.724170,0.111786,0.039820,0.017220,57000,
1469505553,1.240434,0.138230,0.093215,0.017192,57000,
1469505553,0.468000,0.135826,0.099550,0.017192,57000,
1469505553,0.093730,0.111786,0.054300,0.020655,58000,
1469505553,0.700065,0.103372,0.010872,0.114642,58000,
1469505554,0.703644,0.140634,0.087785,0.017192,58000,
1469505554,0.670785,0.132220,0.112220,0.017192,58000,
1469505554,0.187533,0.126210,0.078735,0.043327,58000,
1469505555,0.506412,0.112988,0.028055,0.110676,58000,
1469505555,0.217580,0.104574,0.035295,0.058114,58000,
1469505555,0.596580,0.126210,0.046155,0.104720,59000,
1469505555,1.335996,0.141836,0.091405,0.017192,59000,
1469505556,0.481514,0.132220,0.092310,0.017192,59000,
1469505556,0.867300,0.109382,0.039820,0.017192,59000,
1469505556,0.100210,0.109382,0.052490,0.019536,56000,
1469505557,0.653780,0.122604,0.032580,0.135035,56000,
1469505557,0.727920,0.133422,0.096835,0.017192,56000,
1469505557,0.845845,0.108180,0.060635,0.017192,57000,
1469505557,0.328251,0.111786,0.037105,0.017192,57000,
1469505558,0.462384,0.111786,0.030770,0.119789,57000,
1469505558,0.721935,0.108180,0.076020,0.018450,57000,
1469505558,0.950184,0.145442,0.120365,0.017192,57000,
1469505559,0.075530,0.126210,0.096835,0.017192,57000,
1469505559,0.674610,0.126210,0.019910,0.147312,57000,
1469505559,0.099299,0.117796,0.051585,0.024240,57000,
1469505559,0.638260,0.102170,0.021720,0.117362,57000,
1469505560,1.018220,0.125008,0.066970,0.017220,57000,
1469505560,0.722990,0.140634,0.119460,0.017192,57000,
1469505560,0.326337,0.106978,0.044345,0.017192,56000,
1469505561,0.477260,0.109382,0.035295,0.131757,56000,
1469505561,0.755852,0.128614,0.077658,0.017192,56000,
1469505561,1.101448,0.139432,0.117650,0.017192,56000,
1469505561,0.570024,0.133422,0.086880,0.017220,56000,
1469505562,0.712334,0.104574,0.024462,0.017192,56000,
1469505562,0.666900,0.108180,0.043440,0.017220,56000,
1469505562,0.866592,0.115392,0.065160,0.017192,56000,
1469505563,1.258752,0.146644,0.126700,0.017192,56000,
1469505563,0.244595,0.139432,0.097740,0.017192,56000,
1469505563,0.377944,0.115392,0.028055,0.146531,55000,
1469505563,0.069160,0.117796,0.056110,0.040194,55000,
1469505564,0.799138,0.139432,0.074210,0.017220,55000,
1469505564,0.737821,0.132220,0.104075,0.017192,55000,
1469505564,0.571896,0.132220,0.087785,0.017220,59000,
1469505565,0.748230,0.106978,0.028086,0.017192,59000,
1469505565,0.297976,0.109382,0.035295,0.065094,59000,
1469505565,0.708288,0.129816,0.057920,0.081246,57000,
1469505565,1.270368,0.134624,0.097740,0.017192,57000,
1469505566,0.451347,0.135826,0.085975,0.017192,57000,
1469505566,1.207500,0.111786,0.045250,0.017192,57000,
1469505566,0.432824,0.134624,0.090500,0.017192,57000,
1469505567,1.233540,0.118998,0.043440,0.017192,57000,
1469505567,0.650769,0.134624,0.114030,0.017192,57000,
1469505567,0.724220,0.121402,0.054300,0.017192,56000,
1469505567,0.926736,0.128614,0.055205,0.093632,56000,
1469505568,1.195150,0.143038,0.095930,0.017192,56000,
1469505568,0.439472,0.129816,0.088690,0.017220,56000,
1469505568,0.888300,0.104574,0.035295,0.017192,58000,
1469505569,0.081079,0.112988,0.052490,0.020451,58000,
1469505569,0.665550,0.116594,0.020815,0.120613,58000,
1469505569,0.854025,0.150250,0.097740,0.017220,57000,
1469505569,0.847275,0.137028,0.088690,0.017192,57000,
1469505570,0.614278,0.112988,0.058825,0.076384,57000,
1469505570,0.522695,0.112988,0.039820,0.033210,57000,
1469505570,0.655260,0.111786,0.015402,0.017192,57000,
1469505571,0.786240,0.105776,0.065160,0.017220,57000,
1469505571,1.083681,0.144240,0.107695,0.017192,57000,
1469505571,0.512981,0.138230,0.083260,0.017192,57000,
1469505571,0.259204,0.115392,0.034390,0.076626,56000,
1469505572,0.745750,0.110584,0.049775,0.071398,56000,
1469505572,0.938952,0.137028,0.085975,0.017192,56000,
1469505572,0.305996,0.131018,0.085975,0.017220,55000,
1469505573,0.451589,0.123806,0.034390,0.128304,55000,
1469505573,0.185526,0.111786,0.055205,0.030750,55000,
1469505573,0.358527,0.103372,0.006342,0.144814,55000,
1469505573,0.722200,0.121402,0.099330,0.017192,57000,
1469505574,1.001442,0.141836,0.112220,0.017192,57000,
1469505574,0.528032,0.133422,0.084165,0.017220,57000,
1469505574,0.696654,0.108180,0.026274,0.017192,56000,
1469505574,0.246906,0.112988,0.030770,0.074230,56000,
1469505575,1.305720,0.140634,0.119460,0.017192,56000,
1469505575,0.507592,0.139432,0.098645,0.017192,56000,
1469505575,0.972544,0.112988,0.022625,0.017192,60000,
1469505576,0.382620,0.108180,0.054300,0.017220,60000,
1469505576,0.765155,0.106978,0.028960,0.017220,60000,
1469505576,0.937920,0.141836,0.080545,0.017192,59000,
1469505576,0.854661,0.125008,0.115840,0.015964,59000,
1469505577,0.685685,0.125008,0.058825,0.092400,59000,
1469505577,0.446550,0.111786,0.050680,0.017192,59000,
1469505577,0.612228,0.102170,0.010872,0.017192,56000,
1469505578,0.831168,0.138230,0.084165,0.017192,56000,
1469505578,1.010160,0.139432,0.109505,0.017192,56000,
1469505578,0.593725,0.117796,0.085975,0.017220,56000,
1469505578,0.653600,0.099766,0.025340,0.017220,56000,
1469505579,0.629562,0.122604,0.060635,0.017192,56000,
1469505579,0.810123,0.141836,0.125795,0.017192,56000,
1469505579,0.361169,0.138230,0.101360,0.017192,56000,
1469505580,0.483581,0.106978,0.030770,0.126873,56000,
1469505580,0.171304,0.116594,0.058825,0.017220,56000,
1469505580,0.412250,0.114190,0.010872,0.136071,56000,
1469505580,0.845370,0.139432,0.066970,0.017192,56000,
1469505581,1.075113,0.137028,0.112220,0.017192,56000,
1469505581,0.578448,0.117796,0.081450,0.017192,56000,
1469505581,0.686460,0.115392,0.031675,0.017192,55000,
1469505582,0.291006,0.102170,0.026245,0.083293,55000,
1469505582,0.645018,0.139432,0.057920,0.046740,55000,
1469505582,0.420525,0.137028,0.082355,0.017192,55000,
1469505582,0.008199,0.134624,0.034390,0.181692,55000,
1469505583,0.007288,0.116594,0.058825,0.135850,55000,
1469505583,0.404206,0.109382,0.010872,0.136255,55000,
1469505583,0.746235,0.117796,0.103170,0.017192,58000,
1469505584,1.099340,0.141836,0.108600,0.017192,58000,
1469505584,0.605592,0.133422,0.070590,0.017192,58000,
1469505584,0.692240,0.110584,0.038915,0.017192,55000,
1469505584,0.288800,0.114190,0.019910,0.095928,55000,
1469505585,0.695240,0.115392,0.065919,0.043050,55000,
1469505585,1.255450,0.144240,0.118555,0.017192,55000,
1469505585,0.478720,0.132220,0.098645,0.017192,60000,
1469505586,0.957099,0.116594,0.020815,0.017220,60000,
1469505586,0.802067,0.102170,0.041630,0.017220,60000,
1469505586,0.739444,0.138230,0.105885,0.017192,57000,
1469505586,0.743675,0.137028,0.107695,0.017220,57000,
1469505587,0.633930,0.128614,0.058825,0.017192,57000,
1469505587,0.478170,0.106978,0.038915,0.017220,57000,
1469505587,0.262596,0.105776,0.015385,0.115139,56000,
1469505588,0.585504,0.126210,0.061540,0.043050,56000,
1469505588,1.235592,0.139432,0.111315,0.017192,56000,
1469505588,0.422704,0.135826,0.081450,0.017192,57000,
1469505588,0.886608,0.105776,0.024435,0.017220,57000,
1469505589,0.085822,0.114190,0.043440,0.053370,57000,
1469505589,0.781672,0.111786,0.039820,0.097249,57000,
1469505589,0.604933,0.131018,0.095025,0.017192,56000,
1469505590,0.195104,0.122604,0.047060,0.094122,56000,
1469505590,0.452486,0.115392,0.041630,0.061550,56000,
1469505590,0.248114,0.102170,0.012684,0.128366,56000,
1469505590,0.624945,0.129816,0.071337,0.045510,56000,
1469505591,1.210440,0.134624,0.110410,0.017192,56000,
1469505591,0.111020,0.134624,0.096835,0.028752,56000,
1469505591,0.277984,0.106978,0.013590,0.167739,55000,
1469505592,0.081079,0.110584,0.056110,0.042217,55000,
1469505592,0.316683,0.109382,0.039820,0.129385,55000,
1469505592,0.761572,0.146644,0.086880,0.017220,56000,
1469505592,1.065676,0.146644,0.084165,0.017192,56000,
1469505593,0.655226,0.111786,0.035295,0.015964,56000,
1469505593,0.665052,0.105776,0.018120,0.017220,56000,
1469505593,0.686886,0.140634,0.064255,0.017220,56000,
1469505594,1.315852,0.134624,0.100455,0.017192,56000,
1469505594,0.268250,0.126210,0.088690,0.017192,56000,
1469505594,0.807168,0.126210,0.026245,0.101024,55000,
1469505594,0.047372,0.116594,0.036200,0.045640,55000,
1469505595,0.339864,0.104574,0.045250,0.125950,55000,
1469505595,0.726669,0.122604,0.091405,0.017192,55000,
1469505595,0.806901,0.150250,0.121002,0.017192,57000,
1469505596,0.538696,0.137028,0.065160,0.017220,57000,
1469505596,0.921714,0.105776,0.073305,0.017192,57000,
1469505596,0.649038,0.134624,0.062445,0.017220,58000,
1469505596,0.873741,0.146644,0.095930,0.017220,58000,
1469505597,0.344344,0.118998,0.057015,0.017220,58000,
1469505597,0.337920,0.106978,0.014496,0.132810,58000,
1469505597,0.721280,0.122604,0.060635,0.017220,59000,
1469505598,1.403010,0.131018,0.099550,0.017192,59000,
1469505598,0.481428,0.135826,0.076925,0.017220,59000,
1469505598,0.795245,0.104574,0.038010,0.017192,55000,
1469505598,0.013665,0.115392,0.019026,0.102512,55000,
1469505599,0.450260,0.110584,0.054300,0.132408,55000,
1469505599,1.367040,0.151452,0.114935,0.017192,55000,
1469505599,0.612950,0.139432,0.091405,0.017192,56000,
1469505600,0.898700,0.111786,0.021720,0.017192,56000,
1469505600,0.103740,0.114190,0.047965,0.046240,56000,
1469505600,0.890136,0.146644,0.112220,0.017192,58000,
1469505600,0.750735,0.138230,0.095930,0.017192,58000,
1469505601,0.142910,0.121402,0.040725,0.092586,58000,
1469505601,0.377880,0.118998,0.045250,0.076322,58000,
1469505601,0.500500,0.104574,0.015402,0.146727,57000,
1469505602,0.764800,0.134624,0.085070,0.017220,57000,
1469505602,0.885428,0.143038,0.107695,0.017192,57000,
1469505602,0.199640,0.129816,0.086880,0.031806,56000,
1469505602,0.635000,0.111786,0.028960,0.116109,56000,
1469505603,0.100100,0.110584,0.035295,0.050396,56000,
1469505603,0.604737,0.117796,0.060635,0.095160,56000,
1469505603,0.820713,0.146644,0.107695,0.017192,56000,
1469505604,0.564706,0.115392,0.041630,0.107184,56000,
1469505604,0.384552,0.115392,0.054300,0.017192,56000,
1469505604,0.383328,0.106978,0.018120,0.131868,56000,
1469505604,0.744000,0.138230,0.095025,0.017192,56000,
1469505605,0.867576,0.135826,0.095930,0.017220,56000,
1469505605,0.141050,0.118998,0.073305,0.032788,56000,
1469505605,0.526071,0.115392,0.026245,0.125008,55000,
1469505606,0.132860,0.105776,0.030770,0.047191,55000,
1469505606,0.532492,0.125008,0.069685,0.098000,55000,
1469505606,0.874920,0.151452,0.104980,0.017192,55000,
1469505606,0.750476,0.151452,0.099550,0.017192,55000,
1469505607,0.057960,0.131018,0.026245,0.112579,55000,
1469505607,0.157508,0.114190,0.005436,0.118326,55000,
1469505607,0.554944,0.105776,0.073305,0.043050,55000,
1469505608,1.093891,0.143038,0.104980,0.017192,55000,
1469505608,0.211110,0.126210,0.092310,0.040732,55000,
1469505608,0.338315,0.121402,0.014496,0.173456,55000,
1469505608,0.064610,0.114190,0.047965,0.037884,54000,
1469505609,0.582891,0.103372,0.043440,0.101024,54000,
1469505609,0.776392,0.138230,0.104980,0.017192,54000,
1469505609,1.007909,0.145442,0.114030,0.017192,57000,
1469505610,0.492270,0.127412,0.051585,0.017192,57000,
1469505610,0.596148,0.105776,0.045250,0.017192,57000,
1469505610,0.174097,0.114190,0.026274,0.102870,57000,
1469505610,0.635160,0.112988,0.067875,0.043050,59000,
1469505611,0.544260,0.132220,0.078735,0.017192,59000,
1469505611,0.971616,0.109382,0.026274,0.017192,59000,
1469505611,0.067340,0.115392,0.035295,0.051345,59000,
1469505612,0.606950,0.108180,0.060635,0.087401,59000,
1469505612,0.656668,0.139432,0.095130,0.017192,59000,
1469505612,0.862536,0.137028,0.095025,0.017192,59000,
1469505612,0.523341,0.125008,0.065160,0.017192,56000,
1469505613,0.563729,0.115392,0.047965,0.017192,56000,
1469505613,0.174097,0.105776,0.038010,0.119686,56000,
1469505613,0.679620,0.127412,0.072400,0.036900,59000,
1469505614,1.586824,0.139432,0.090500,0.017192,59000,
1469505614,0.204484,0.132220,0.071495,0.049434,59000,
1469505614,0.525311,0.106978,0.030770,0.104576,59000,
1469505614,0.543964,0.116594,0.057920,0.091168,56000,
1469505615,0.792120,0.140634,0.114935,0.015964,56000,
1469505615,0.784352,0.134624,0.094120,0.017192,56000,
1469505615,0.780528,0.114190,0.025340,0.017220,57000,
1469505616,0.618016,0.108180,0.053395,0.017192,57000,
1469505616,0.608243,0.109382,0.024435,0.017192,57000,
1469505616,0.651930,0.137028,0.103170,0.017220,57000,
1469505616,1.249402,0.132220,0.118555,0.017192,57000,
1469505617,0.203983,0.122604,0.060635,0.058128,57000,
1469505617,0.377944,0.112988,0.039820,0.130168,57000,
1469505617,0.018220,0.100968,0.015385,0.100320,56000,
1469505617,0.500226,0.132220,0.058825,0.091168,56000,
1469505618,0.873158,0.147846,0.105885,0.017192,56000,
1469505618,0.771834,0.105776,0.018100,0.017220,56000,
1469505618,0.417924,0.105776,0.058825,0.024320,56000,
1469505619,0.354050,0.109382,0.034390,0.113760,56000,
1469505619,0.766528,0.120200,0.101360,0.017192,56000,
1469505619,1.217010,0.141836,0.098645,0.017192,56000,
1469505619,0.479232,0.131018,0.044345,0.017220,56000,
1469505620,0.724464,0.106978,0.050680,0.017192,56000,
1469505620,0.192085,0.114190,0.026274,0.121158,56000,
1469505620,0.622748,0.120200,0.066065,0.017192,57000,
1469505621,1.122975,0.138230,0.105885,0.017192,57000,
1469505621,0.533784,0.131018,0.082355,0.017220,57000,
1469505621,0.315112,0.121402,0.019932,0.145375,55000,
1469505621,0.106587,0.110584,0.036200,0.051152,55000,
1469505622,0.745468,0.132220,0.088690,0.017192,55000,
1469505622,1.143758,0.149048,0.099550,0.017192,55000,
1469505622,0.488128,0.122604,0.055205,0.017220,60000,
1469505623,0.760240,0.106978,0.049775,0.017192,60000,
1469505623,0.211536,0.112988,0.034390,0.116586,60000,
1469505623,0.632104,0.122604,0.091405,0.017192,56000,
1469505623,0.809094,0.145442,0.120365,0.017192,56000,
1469505624,0.432250,0.131018,0.084165,0.017192,56000,
1469505624,0.327636,0.114190,0.020815,0.135720,56000,
1469505624,0.296092,0.115392,0.045250,0.031200,55000,
1469505625,0.291840,0.104574,0.030770,0.118473,55000,
1469505625,0.694926,0.139432,0.098645,0.017192,55000,
1469505625,1.283058,0.139432,0.085975,0.017192,57000,
1469505625,1.311926,0.132220,0.073305,0.028244,57000,
1469505626,0.582192,0.123806,0.060635,0.017220,57000,
1469505626,1.029969,0.131018,0.094120,0.017192,57000,
1469505626,0.756426,0.135826,0.088690,0.017192,59000,
1469505627,0.582912,0.114190,0.050680,0.018195,59000,
1469505627,0.357420,0.112988,0.040725,0.110774,59000,
1469505627,0.778926,0.140634,0.095930,0.017192,58000,
1469505627,0.831830,0.133422,0.114935,0.017192,58000,
1469505628,0.313292,0.128614,0.074210,0.044916,58000,
1469505628,0.553700,0.108180,0.028086,0.112530,58000,
1469505628,0.155987,0.110584,0.029865,0.053360,55000,
1469505629,0.436968,0.121402,0.049775,0.097328,55000,
1469505629,1.004660,0.135826,0.099550,0.017192,55000,
1469505629,0.280016,0.109382,0.015385,0.131645,56000,
1469505629,0.338832,0.111786,0.056110,0.022068,56000,
1469505630,0.252545,0.116594,0.035295,0.147986,56000,
1469505630,0.599527,0.137028,0.098645,0.017220,56000,
1469505630,1.161555,0.133422,0.115840,0.017192,56000,
1469505631,0.424120,0.133422,0.056110,0.017220,56000,
1469505631,0.822942,0.111786,0.048870,0.017192,56000,
1469505631,0.100498,0.114190,0.009060,0.120952,56000,
1469505631,0.682073,0.103372,0.080545,0.022140,56000,
1469505632,1.089000,0.145442,0.113125,0.017192,56000,
1469505632,0.758340,0.143038,0.079640,0.017220,56000,
1469505632,0.977470,0.115392,0.028086,0.017192,55000,
1469505633,0.610050,0.103372,0.066065,0.076322,55000,
1469505633,0.887339,0.139432,0.093215,0.017192,55000,
1469505633,0.793650,0.140634,0.095025,0.017220,55000,
1469505633,0.098388,0.132220,0.028960,0.107415,55000,
1469505634,0.576225,0.109382,0.054300,0.041820,55000,
1469505634,0.101310,0.109382,0.011778,0.156219,55000,
1469505634,0.565541,0.116594,0.076925,0.017192,58000,
1469505635,0.992000,0.139432,0.092412,0.017192,58000,
1469505635,0.732000,0.135826,0.087785,0.017192,58000,
1469505635,0.906400,0.112988,0.026274,0.017192,55000,
1469505635,0.171495,0.111786,0.029865,0.065072,55000,
1469505636,0.496944,0.104574,0.057920,0.073860,55000,
1469505636,0.975942,0.139432,0.088690,0.017192,55000,
1469505636,0.672600,0.112988,0.019910,0.017192,58000,
1469505637,0.482353,0.116594,0.052490,0.027278,58000,
1469505637,0.374218,0.100968,0.028960,0.109296,58000,
1469505637,0.711210,0.146644,0.101360,0.017220,57000,
1469505637,1.264172,0.131018,0.090500,0.017192,57000,
1469505638,0.437502,0.121402,0.040725,0.017220,57000,
1469505638,0.989516,0.115392,0.053395,0.017192,57000,
1469505638,0.507825,0.100968,0.009060,0.017192,57000,
1469505639,0.712962,0.131018,0.080545,0.017192,57000,
1469505639,1.066800,0.133422,0.101360,0.017192,57000,
1469505639,0.614936,0.128614,0.076020,0.017192,57000,
1469505639,0.943492,0.106978,0.036200,0.017192,56000,
1469505640,0.122342,0.109382,0.022625,0.086792,56000,
1469505640,0.818524,0.145442,0.099550,0.017192,56000,
1469505640,0.992755,0.131018,0.087785,0.017192,56000,
1469505641,0.687792,0.106978,0.024435,0.017192,56000,
1469505641,0.430528,0.114190,0.049775,0.035130,56000,
1469505641,0.390852,0.117796,0.033485,0.097362,56000,
1469505641,0.867103,0.140634,0.098645,0.017192,57000,
1469505642,0.931980,0.133422,0.093215,0.017192,57000,
1469505642,0.234025,0.121402,0.054300,0.059540,57000,
1469505642,0.655004,0.111786,0.043440,0.089863,55000,
1469505643,0.143812,0.105776,0.015402,0.082440,55000,
1469505643,0.548645,0.105776,0.063350,0.051702,55000,
1469505643,0.871332,0.133422,0.114935,0.017192,55000,
1469505643,0.521092,0.127412,0.012684,0.017220,56000,
1469505644,0.390576,0.109382,0.057920,0.038272,56000,
1469505644,0.135975,0.111786,0.027150,0.161112,56000,
1469505644,0.628992,0.117796,0.084165,0.017220,60000,
1469505645,1.068832,0.137028,0.095930,0.017192,60000,
1469505645,0.611415,0.135826,0.057920,0.017220,60000,
1469505645,0.965120,0.111786,0.034390,0.017192,60000,
1469505645,0.122626,0.114190,0.018100,0.081295,55000,
1469505646,0.609715,0.104574,0.063350,0.052890,55000,
1469505646,0.865674,0.141836,0.096835,0.017192,55000,
1469505646,0.944162,0.126210,0.085975,0.017220,58000,
1469505647,0.661978,0.121402,0.024435,0.017192,58000,
1469505647,0.500996,0.112988,0.038010,0.037504,58000,
1469505647,0.698256,0.137028,0.102378,0.017192,58000,
1469505647,0.841635,0.141836,0.098645,0.017192,57000,
1469505648,0.183820,0.132220,0.058825,0.079940,57000,
1469505648,0.562320,0.108180,0.043440,0.070167,57000,
1469505648,0.133736,0.114190,0.012684,0.096446,56000,
1469505649,0.493296,0.112988,0.078561,0.062781,56000,
1469505649,0.826068,0.141836,0.124890,0.017192,56000,
1469505649,0.853740,0.134624,0.087785,0.017220,56000,
1469505649,0.522100,0.108180,0.009966,0.017192,56000,
1469505650,0.457431,0.115392,0.057015,0.041685,56000,
1469505650,0.100825,0.103372,0.042535,0.160480,56000,
1469505650,1.063650,0.137028,0.094120,0.017192,57000,
1469505651,0.524960,0.128614,0.057015,0.017220,57000,
1469505651,0.972144,0.114190,0.036200,0.017192,57000,
1469505651,0.470496,0.104574,0.017195,0.017220,57000,
1469505651,0.644848,0.123806,0.067875,0.017192,56000,
1469505652,0.833612,0.145442,0.101360,0.017192,56000,
1469505652,0.887249,0.129816,0.093215,0.017192,56000,
1469505652,0.684488,0.106978,0.022625,0.017192,56000,
1469505653,0.690480,0.109382,0.036200,0.017220,56000,
1469505653,0.661990,0.111786,0.044345,0.017192,56000,
1469505653,0.650520,0.145442,0.108600,0.015990,56000,
1469505653,0.800814,0.133422,0.090500,0.017192,55000,
1469505654,0.607992,0.115392,0.049775,0.066474,55000,
1469505654,0.121044,0.104574,0.009060,0.100760,55000,
1469505654,0.552499,0.137028,0.065160,0.039360,56000,
1469505655,0.736484,0.134624,0.107695,0.017192,56000,
1469505655,0.773887,0.134624,0.088690,0.017220,56000,
1469505655,0.091000,0.137028,0.032580,0.122729,56000,
1469505655,0.810744,0.111786,0.082355,0.017192,57000,
1469505656,0.556200,0.133422,0.047965,0.017220,57000,
1469505656,1.036035,0.110584,0.094224,0.015990,57000,
1469505656,0.750964,0.139432,0.057015,0.017192,55000,
1469505657,0.428610,0.118998,0.048870,0.038976,55000,
1469505657,0.205282,0.106978,0.052490,0.145299,55000,
1469505657,0.932160,0.140634,0.099550,0.017192,55000,
1469505657,0.477989,0.138230,0.048870,0.017220,57000,
1469505658,0.852361,0.108180,0.052490,0.017192,57000,
1469505658,0.086545,0.111786,0.010872,0.115443,57000,
1469505658,0.626583,0.106978,0.085975,0.017220,56000,
1469505659,0.971198,0.146644,0.114030,0.017192,56000,
1469505659,0.717120,0.137028,0.068780,0.026950,56000,
1469505659,0.201312,0.112988,0.024462,0.158080,56000,
1469505659,0.283955,0.115392,0.028960,0.099792,57000,
1469505660,0.416514,0.102170,0.066065,0.056626,57000,
1469505660,0.700890,0.143038,0.129415,0.017192,57000,
1469505660,0.904000,0.138230,0.094120,0.017192,55000,
1469505661,0.589760,0.114190,0.057015,0.017220,55000,
1469505661,0.075613,0.105776,0.017214,0.125950,55000,
1469505661,0.632440,0.131018,0.088690,0.017192,55000,
1469505661,0.961374,0.153856,0.092310,0.017192,57000,
1469505662,0.736000,0.128614,0.067875,0.017192,57000,
1469505662,0.949098,0.108180,0.038915,0.017192,57000,
1469505662,0.450528,0.106978,0.019026,0.017220,57000,
1469505663,0.593572,0.114190,0.062445,0.017220,57000,
1469505663,0.694485,0.146644,0.108600,0.017220,57000,
1469505663,0.861651,0.133422,0.095025,0.017192,57000,
1469505663,0.091100,0.117796,0.019005,0.129385,56000,
1469505664,0.624860,0.111786,0.057015,0.017220,56000,
1469505664,0.061880,0.108180,0.046155,0.143040,56000,
1469505664,0.937950,0.141836,0.107695,0.017192,57000,
1469505665,0.592970,0.126210,0.062445,0.055600,57000,
1469505665,0.162168,0.109382,0.029865,0.121992,57000,
1469505665,0.280231,0.109382,0.026245,0.076296,57000,
1469505665,0.151200,0.128614,0.054300,0.116736,55000,
1469505666,0.678756,0.139432,0.102265,0.017220,55000,
1469505666,1.228736,0.134624,0.086880,0.017192,55000,
1469505666,0.437072,0.108180,0.028960,0.015964,56000,
1469505667,0.922240,0.109382,0.056110,0.017192,56000,
1469505667,0.410410,0.104574,0.017195,0.017192,56000,
1469505667,0.717808,0.104574,0.095025,0.017192,56000,
1469505667,0.984594,0.141836,0.091405,0.017192,56000,
1469505668,0.736302,0.131018,0.066970,0.015964,56000,
1469505668,0.452160,0.108180,0.018100,0.017220,56000,
1469505668,0.574838,0.099766,0.069685,0.017192,57000,
1469505668,0.740145,0.134624,0.102265,0.017192,57000,
1469505669,1.027520,0.133422,0.090500,0.017192,57000,
1469505669,0.372926,0.127412,0.031675,0.089936,57000,
1469505669,0.657789,0.115392,0.034390,0.017220,58000,
1469505670,0.677820,0.099766,0.040725,0.017192,58000,
1469505670,0.651852,0.126210,0.104075,0.017192,58000,
1469505670,1.336860,0.146644,0.089595,0.017192,59000,
1469505670,0.524295,0.123806,0.035295,0.017220,59000,
1469505671,1.042272,0.109382,0.054300,0.017192,59000,
1469505671,0.465610,0.108180,0.019932,0.017220,59000,
1469505671,0.752400,0.118998,0.104075,0.017220,57000,
1469505672,0.716272,0.131018,0.052490,0.017220,57000,
1469505672,0.919590,0.106978,0.047965,0.017192,57000,
1469505672,0.202658,0.111786,0.012684,0.105432,56000,
1469505672,0.477152,0.112988,0.071495,0.029520,56000,
1469505673,0.786519,0.139432,0.113125,0.017220,56000,
1469505673,1.048600,0.137028,0.082355,0.017192,56000,
1469505673,0.570852,0.117796,0.030770,0.017220,57000,
1469505674,0.817377,0.108180,0.030804,0.017192,57000,
1469505674,0.715200,0.105776,0.045250,0.017220,57000,
1469505674,0.737040,0.144240,0.094120,0.017192,56000,
1469505674,0.848484,0.133422,0.090500,0.017192,56000,
1469505675,0.283328,0.125008,0.042535,0.089076,56000,
1469505675,0.514500,0.115392,0.050680,0.050430,56000,
1469505675,0.497482,0.121402,0.074046,0.028290,56000,
1469505676,0.789318,0.138230,0.115840,0.017192,56000,
1469505676,0.627328,0.132220,0.086880,0.017220,56000,
1469505676,0.444430,0.111786,0.018120,0.015990,56000,
1469505676,0.685555,0.111786,0.049775,0.018240,56000,
1469505677,0.082992,0.105776,0.048870,0.120432,56000,
1469505677,0.792298,0.141836,0.097740,0.017192,56000,
1469505677,0.962360,0.145442,0.086880,0.017192,56000,
1469505678,0.631472,0.115392,0.045250,0.017220,56000,
1469505678,0.869154,0.118998,0.046155,0.017192,56000,
1469505678,0.233415,0.103372,0.011778,0.106485,56000,
1469505678,0.539235,0.134624,0.071495,0.025788,56000,
1469505679,0.904230,0.150250,0.095025,0.017192,56000,
1469505679,0.094744,0.129816,0.009060,0.178200,56000,
1469505679,0.224672,0.108180,0.054300,0.062016,54000,
1469505680,0.083812,0.112988,0.056110,0.111168,54000,
1469505680,0.661338,0.115392,0.085070,0.017192,54000,
1469505680,1.008558,0.139432,0.104075,0.017192,55000,
1469505680,0.786485,0.135826,0.053395,0.064012,55000,
1469505681,0.684447,0.122604,0.051585,0.046740,55000,
1469505681,0.440313,0.110584,0.009966,0.017220,55000,
1469505681,0.653394,0.100968,0.095930,0.017192,56000,
1469505682,0.656055,0.143038,0.107695,0.017192,56000,
1469505682,0.840465,0.133422,0.079640,0.017192,56000,
1469505682,0.081990,0.126210,0.019910,0.129498,55000,
1469505682,0.047372,0.109382,0.052490,0.117160,55000,
1469505683,0.718932,0.126210,0.093215,0.017220,55000,
1469505683,0.757350,0.138230,0.118555,0.017192,55000,
1469505683,0.780876,0.141836,0.066970,0.051700,55000,
1469505684,0.173910,0.112988,0.035295,0.101808,55000,
1469505684,0.489384,0.116594,0.022625,0.051435,55000,
1469505684,0.595034,0.100968,0.071495,0.092400,55000,
1469505684,1.033175,0.139432,0.108600,0.017220,59000,
1469505685,0.475488,0.131018,0.091405,0.017192,59000,
1469505685,1.253602,0.118998,0.039820,0.017192,59000,
1469505685,0.471960,0.123806,0.093215,0.017192,60000,
1469505686,1.146416,0.125008,0.040725,0.015964,60000,
1469505686,0.578782,0.137028,0.075115,0.017220,60000,
1469505686,0.209700,0.123806,0.023530,0.059339,58000,
1469505686,0.726560,0.105776,0.066970,0.146370,58000,
1469505687,1.813152,0.135826,0.103170,0.017192,58000,
1469505687,0.482258,0.137028,0.096835,0.017192,58000,
1469505687,0.759948,0.114190,0.015385,0.017220,56000,
1469505688,0.091100,0.114190,0.058825,0.017220,56000,
1469505688,0.590015,0.102170,0.042535,0.124587,56000,
1469505688,0.940539,0.134624,0.084165,0.017192,56000,
1469505688,0.930048,0.139432,0.099550,0.017192,57000,
1469505689,0.544492,0.123806,0.054300,0.054164,57000,
1469505689,0.282699,0.114190,0.044345,0.050430,57000,
1469505689,0.481000,0.104574,0.012684,0.109920,57000,
1469505690,1.171584,0.128614,0.066970,0.031980,57000,
1469505690,0.501120,0.129816,0.073305,0.017220,57000,
1469505690,0.713790,0.106978,0.030770,0.017220,57000,
1469505690,0.220430,0.110584,0.028055,0.053721,56000,
1469505691,0.691905,0.122604,0.073143,0.087472,56000,
1469505691,1.301421,0.122604,0.105885,0.017192,56000,
1469505691,0.579159,0.138230,0.093215,0.017192,56000,
1469505692,0.957461,0.137028,0.022625,0.017220,56000,
1469505692,0.063700,0.105776,0.056110,0.019296,56000,
1469505692,0.797052,0.116594,0.031675,0.114840,56000,
1469505692,1.429735,0.106978,0.094120,0.017220,64000,
1469505693,0.915712,0.144240,0.094120,0.017192,64000,
1469505693,0.772120,0.134624,0.095930,0.017220,64000,
1469505693,0.193545,0.105776,0.034390,0.017220,58000,
1469505694,0.407230,0.112988,0.051585,0.121476,58000,
1469505694,1.186854,0.138230,0.076020,0.017192,58000,
1469505694,0.540207,0.129816,0.108600,0.017192,58000,
1469505694,0.778078,0.122604,0.071495,0.017192,58000,
1469505695,0.664110,0.110584,0.036200,0.015964,58000,
1469505695,0.643104,0.102170,0.035295,0.017192,58000,
1469505695,0.810468,0.132220,0.069685,0.017192,57000,
1469505696,0.441315,0.138230,0.107695,0.017192,57000,
1469505696,0.420200,0.135826,0.090500,0.141687,57000,
1469505696,0.480097,0.115392,0.026245,0.031980,57000,
1469505696,0.894520,0.105776,0.056110,0.017192,56000,
1469505697,0.717459,0.122604,0.032580,0.017192,56000,
1469505697,1.005890,0.137028,0.098645,0.017192,56000,
1469505697,0.693925,0.105776,0.060635,0.017192,57000,
1469505698,0.245700,0.114190,0.035295,0.074230,57000,
1469505698,0.691911,0.114190,0.023556,0.064012,57000,
1469505698,0.845914,0.138230,0.073305,0.017192,57000,
1469505698,0.473946,0.134624,0.115840,0.017192,56000,
1469505699,0.463672,0.123806,0.096835,0.116453,56000,
1469505699,0.224880,0.115392,0.024435,0.030750,56000,
1469505699,0.394940,0.103372,0.053395,0.114500,56000,
1469505699,0.829192,0.128614,0.028055,0.017192,56000,
1469505700,1.022262,0.147846,0.063350,0.017192,56000,
1469505700,0.583737,0.128614,0.117650,0.017192,56000,
1469505700,0.762433,0.109382,0.063350,0.017192,57000,
1469505701,0.617010,0.109382,0.038915,0.017192,57000,
1469505701,0.812493,0.146644,0.070590,0.017192,57000,
1469505701,0.436080,0.143038,0.107695,0.017192,55000,
1469505701,0.449190,0.117796,0.089595,0.119080,55000,
1469505702,0.224880,0.114190,0.021744,0.030700,55000,
1469505702,0.755535,0.104574,0.054300,0.088704,55000,
1469505702,0.865758,0.141836,0.030770,0.017192,56000,
1469505703,0.999922,0.139432,0.088690,0.017192,56000,
1469505703,0.604868,0.122604,0.092310,0.017220,56000,
1469505703,0.677525,0.122604,0.060635,0.017192,55000,
1469505703,0.285692,0.114190,0.038915,0.073152,55000,
1469505704,0.644061,0.104574,0.017214,0.066474,55000,
1469505704,1.255176,0.125008,0.066970,0.017192,55000,
1469505704,0.959968,0.126210,0.091405,0.017192,61000,
1469505705,0.443170,0.111786,0.025340,0.017192,61000,
1469505705,0.737799,0.104574,0.036200,0.017220,61000,
1469505705,0.933120,0.116594,0.047060,0.017192,59000,
1469505705,0.916218,0.143038,0.099550,0.017192,59000,
1469505706,0.925146,0.132220,0.088690,0.017220,59000,
1469505706,0.494690,0.108180,0.035295,0.017192,59000,
1469505706,0.626110,0.109382,0.052490,0.017192,57000,
1469505707,0.901170,0.117796,0.035295,0.017192,57000,
1469505707,1.115120,0.137028,0.087785,0.017192,57000,
1469505707,0.101920,0.132220,0.087785,0.040293,56000,
1469505707,0.389368,0.121402,0.057015,0.140300,56000,
1469505708,0.008199,0.114190,0.036200,0.077910,56000,
1469505708,0.979875,0.131018,0.075852,0.017192,56000,
1469505708,0.697330,0.140634,0.108600,0.017192,57000,
1469505709,0.879238,0.127412,0.101360,0.017220,57000,
1469505709,0.408639,0.111786,0.022625,0.017192,57000,
1469505709,0.384296,0.109382,0.056110,0.135318,56000,
1469505709,0.799936,0.122604,0.028960,0.017192,56000,
1469505710,1.091001,0.138230,0.094120,0.017192,56000,
1469505710,0.559728,0.132220,0.107695,0.017192,56000,
1469505710,0.644394,0.104574,0.058825,0.017192,56000,
1469505711,0.317016,0.112988,0.046155,0.098855,56000,
1469505711,0.704421,0.125008,0.011778,0.041820,56000,
1469505711,0.862978,0.134624,0.075852,0.017192,55000,
1469505711,0.450120,0.125008,0.082355,0.131675,55000,
1469505712,0.240760,0.111786,0.015402,0.017192,55000,
1469505712,0.393569,0.100968,0.054300,0.122622,55000,
1469505712,1.078398,0.137028,0.026245,0.017220,56000,
1469505713,1.043825,0.137028,0.105885,0.017192,56000,
1469505713,0.611490,0.120200,0.099550,0.017220,56000,
1469505713,0.470920,0.116594,0.032580,0.017220,55000,
1469505713,0.283398,0.105776,0.054300,0.100706,55000,
1469505714,0.638820,0.122604,0.008154,0.047970,55000,
1469505714,1.252792,0.145442,0.083260,0.017192,55000,
1469505714,0.450945,0.132220,0.098645,0.017192,56000,
1469505715,1.248786,0.120200,0.080545,0.015990,56000,
1469505715,1.177952,0.111786,0.084165,0.017192,56000,
1469505715,0.931770,0.111786,0.043440,0.017220,58000,
1469505715,0.583699,0.141836,0.103170,0.017192,58000,
1469505716,0.906635,0.111786,0.060635,0.017192,58000,
1469505716,0.925216,0.104574,0.015385,0.017192,58000,
1469505716,0.765716,0.137028,0.079640,0.017192,57000,
1469505717,0.091910,0.132220,0.114030,0.029700,57000,
1469505717,0.537380,0.127412,0.073305,0.120972,57000,
1469505717,0.113750,0.109382,0.028960,0.040880,57000,
1469505717,0.600430,0.110584,0.026245,0.107423,57000,
1469505718,0.930248,0.126210,0.049775,0.017192,57000,
1469505718,0.898450,0.146644,0.101360,0.017192,57000,
1469505718,0.759086,0.132220,0.092310,0.017220,56000,
1469505719,0.397305,0.118998,0.056110,0.119184,56000,
1469505719,0.779055,0.108180,0.023556,0.017192,56000,
1469505719,1.119360,0.143038,0.097740,0.017192,56000,
1469505719,0.495292,0.138230,0.093215,0.015990,56000,
1469505720,0.730512,0.109382,0.045250,0.017192,56000,
1469505720,0.231732,0.116594,0.052490,0.102344,56000,
1469505720,0.613088,0.106978,0.009060,0.041820,58000,
1469505721,1.289752,0.140634,0.068780,0.017192,58000,
1469505721,0.434112,0.127412,0.114935,0.017220,58000,
1469505721,1.061174,0.121402,0.078735,0.017192,58000,
1469505721,0.454720,0.112988,0.028960,0.017192,58000,
1469505722,0.647745,0.104574,0.026245,0.017192,58000,
1469505722,0.958377,0.139432,0.049775,0.017192,58000,
1469505722,0.197584,0.127412,0.093215,0.118600,55000,
1469505723,0.454770,0.111786,0.021720,0.062781,55000,
1469505723,0.768380,0.104574,0.054300,0.017220,55000,
1469505723,0.771358,0.123806,0.032580,0.017192,55000,
1469505723,1.176069,0.134624,0.094120,0.017192,59000,
1469505724,0.408366,0.132220,0.089595,0.017220,59000,
1469505724,0.826083,0.102170,0.063350,0.017192,59000,
1469505724,0.061948,0.114190,0.034390,0.058000,55000,
1469505725,0.607846,0.118998,0.019910,0.096096,55000,
1469505725,0.937015,0.138230,0.057015,0.017192,55000,
1469505725,0.759645,0.129816,0.116745,0.017192,55000,
1469505725,0.852292,0.116594,0.097740,0.017192,58000,
1469505726,0.626460,0.102170,0.057015,0.017192,58000,
1469505726,0.808794,0.138230,0.033485,0.017192,58000,
1469505726,1.074200,0.134624,0.085975,0.017192,59000,
1469505727,0.097370,0.133422,0.110410,0.041760,59000,
1469505727,0.763263,0.110584,0.062445,0.099630,59000,
1469505727,0.043680,0.111786,0.033485,0.057150,59000,
1469505727,0.658965,0.111786,0.022625,0.091094,56000,
1469505728,0.958320,0.118998,0.055205,0.017192,56000,
1469505728,0.749715,0.139432,0.097740,0.017192,56000,
1469505728,0.670000,0.135826,0.095930,0.098560,56000,
1469505729,0.211497,0.110584,0.026245,0.018120,56000,
1469505729,0.353058,0.115392,0.045250,0.119034,56000,
1469505729,0.805315,0.114190,0.032580,0.017192,56000,
1469505729,0.579384,0.129816,0.090500,0.017220,56000,
1469505730,0.774411,0.117796,0.038915,0.017192,56000,
1469505730,0.652483,0.111786,0.049775,0.017220,56000,
1469505730,0.743945,0.100968,0.013590,0.017192,57000,
1469505731,1.339800,0.140634,0.076925,0.017192,57000,
1469505731,0.419971,0.145442,0.105885,0.017220,57000,
1469505731,0.969522,0.118998,0.077830,0.017192,57000,
1469505731,0.036440,0.115392,0.037105,0.051152,55000,
1469505732,0.352240,0.106978,0.019005,0.123165,55000,
1469505732,0.716394,0.126210,0.065160,0.017192,55000,
1469505732,1.003106,0.141836,0.106790,0.017192,58000,
1469505733,0.608400,0.131018,0.093215,0.017220,58000,
1469505733,0.628936,0.104574,0.034390,0.017192,58000,
1469505733,0.622050,0.112988,0.016308,0.017220,58000,
1469505733,0.871725,0.141836,0.105885,0.017192,60000,
1469505734,0.358416,0.128614,0.121270,0.017192,60000,
1469505734,0.451088,0.122604,0.077830,0.150876,60000,
1469505734,0.229216,0.115392,0.028055,0.032994,54000,
1469505735,0.360808,0.104574,0.032580,0.135087,54000,
1469505735,0.814126,0.132220,0.060635,0.017192,54000,
1469505735,0.981350,0.139432,0.093215,0.017192,54000,
1469505735,0.599335,0.121402,0.094120,0.017220,58000,
1469505736,0.641188,0.106978,0.034390,0.017220,58000,
1469505736,0.639354,0.104574,0.057920,0.015990,58000,
1469505736,0.614394,0.121402,0.015402,0.017220,58000,
1469505737,1.164264,0.137028,0.096835,0.017192,58000,
1469505737,0.963900,0.108180,0.060635,0.017192,58000,
1469505737,0.062859,0.110584,0.039820,0.076581,58000,
1469505737,0.810288,0.116594,0.015385,0.060319,56000,
1469505738,0.978085,0.140634,0.063350,0.017192,56000,
1469505738,0.627234,0.133422,0.108600,0.017192,56000,
1469505738,0.858339,0.114190,0.083260,0.017220,56000,
1469505739,0.284400,0.114190,0.026245,0.034162,56000,
1469505739,0.460929,0.099766,0.041630,0.106444,56000,
1469505739,0.871416,0.141836,0.038010,0.017192,56000,
1469505739,1.168392,0.145442,0.093215,0.017192,56000,
1469505740,0.112840,0.145442,0.094120,0.082144,56000,
1469505740,0.391272,0.120200,0.033485,0.108416,56000,
1469505740,0.007288,0.115392,0.055205,0.120840,57000,
1469505740,0.931216,0.128614,0.074210,0.015964,57000,
1469505741,0.516150,0.146644,0.104190,0.017220,57000,
1469505741,0.865013,0.127412,0.085070,0.017220,57000,
1469505741,0.198759,0.106978,0.024462,0.032788,55000,
1469505742,0.475291,0.110584,0.030770,0.108180,55000,
1469505742,0.755014,0.115392,0.045250,0.017192,55000,
1469505742,1.185450,0.135826,0.122175,0.017192,57000,
1469505742,0.400840,0.131018,0.101360,0.017220,57000,
1469505743,0.705168,0.116594,0.038915,0.015964,57000,
1469505743,0.068325,0.112988,0.043440,0.083592,57000,
1469505743,0.689670,0.104574,0.011778,0.067705,56000,
1469505744,1.467951,0.143038,0.069685,0.017192,56000,
1469505744,0.756600,0.114190,0.069685,0.017192,56000,
